category,BrainOmni,BIOT,FEMBA,NeuroLM,LaBraM,CBraMod,EEGMamba,NeuroGPT,REVE,BENDR
Type-I,2.5,2.0,6.0,3.5,6.0,5.5,4.0,6.5,9.0,10.0
Type-II,4.09375,3.78125,3.4375,4.5,4.9375,5.65625,6.34375,6.59375,6.78125,8.875
Type-III,2.0,4.555555555555555,3.4444444444444446,4.0,4.555555555555555,7.555555555555555,7.222222222222222,6.0,6.111111111111111,9.555555555555555
Type-IV,3.607142857142857,6.178571428571429,3.75,5.178571428571429,4.714285714285714,4.214285714285714,5.321428571428571,6.107142857142857,7.107142857142857,8.821428571428571
Type-V,6.375,4.75,6.0,6.5,6.25,4.625,5.75,4.5,5.25,5.0
Type-VI,2.5454545454545454,5.954545454545454,5.2727272727272725,4.363636363636363,5.909090909090909,5.318181818181818,5.5,7.363636363636363,6.045454545454546,6.7272727272727275
