type,BrainOmni,NeuroLM,FEMBA,BIOT,LaBraM,CBraMod,NeuroGPT,EEGMamba,REVE,BENDR
Type-I,2.0,1.0,3.0,5.0,6.0,7.0,4.0,8.0,10.0,9.0
Type-II,4.6,6.0,4.4,1.2,4.4,6.4,7.6,5.4,6.6,7.0
Type-III,2.6666666666666665,4.0,3.333333333333333,4.0,4.333333333333333,8.333333333333334,4.0,8.333333333333334,6.666666666666667,9.333333333333334
Type-IV,2.5,1.0,5.0,4.0,3.5,1.5,3.0,2.0,4.5,5.5
Type-V,2.333333333333333,6.0,1.3333333333333333,4.333333333333333,2.333333333333333,4.666666666666667,6.333333333333333,4.666666666666667,4.0,4.0
Type-VI,4.333333333333333,2.6666666666666665,5.333333333333333,6.333333333333333,4.666666666666667,2.5,8.0,6.333333333333333,6.666666666666667,7.666666666666667
