category,BrainOmni,NeuroLM,BIOT,FEMBA,LaBraM,CBraMod,NeuroGPT,REVE,EEGMamba,BENDR
Type-I,3.0,5.0,2.0,6.5,6.5,5.0,5.0,5.5,6.5,10.0
Type-III,1.5,4.916666666666667,3.0833333333333335,4.083333333333333,4.083333333333333,6.25,6.75,7.5,7.25,9.583333333333334
Type-IV,3.7,4.0,6.1,4.3,4.0,5.2,5.5,8.1,5.2,8.9
Type-V,5.333333333333333,5.0,4.0,4.333333333333333,3.3333333333333335,6.5,7.166666666666667,4.0,8.0,7.333333333333333
Type-VI,3.2142857142857144,2.857142857142857,6.857142857142857,4.571428571428571,6.428571428571429,6.0,5.857142857142857,6.928571428571429,5.285714285714286,7.0
