category,CBraMod,REVE,BrainOmni,FEMBA,LaBraM,NeuroLM,BIOT,EEGMamba,NeuroGPT,BENDR
Type-II,2.7058823529411766,3.1176470588235294,5.352941176470588,5.294117647058823,5.705882352941177,5.588235294117647,3.588235294117647,7.235294117647059,7.117647058823529,9.294117647058824
Type-III,3.2222222222222223,2.2222222222222223,3.0,5.0,5.444444444444445,6.111111111111111,4.833333333333333,8.333333333333334,7.111111111111111,9.722222222222221
Type-IV,2.6923076923076925,4.0,4.230769230769231,4.538461538461538,4.384615384615385,6.6923076923076925,7.423076923076923,5.769230769230769,6.230769230769231,9.038461538461538
Type-V,2.5,5.125,4.75,6.125,6.375,5.125,6.125,3.625,7.875,7.375
Type-VI,1.3636363636363635,3.6363636363636362,3.727272727272727,6.136363636363637,6.363636363636363,5.136363636363637,7.181818181818182,6.181818181818182,6.545454545454546,8.727272727272727
