category,BrainOmni,NeuroLM,BIOT,LaBraM,FEMBA,CBraMod,NeuroGPT,EEGMamba,REVE,BENDR
Type-I,4.0,3.8333333333333335,4.166666666666667,5.0,7.166666666666667,3.6666666666666665,4.333333333333333,6.833333333333333,7.333333333333333,8.666666666666666
Type-III,1.6,4.4,3.0,3.4,3.4,6.8,6.6,7.2,8.6,10.0
Type-IV,3.6,4.0,6.0,4.0,4.2,5.8,5.4,5.2,8.0,8.8
Type-V,5.166666666666667,5.166666666666667,1.0,3.5,4.5,6.666666666666667,7.333333333333333,8.166666666666666,6.0,7.5
Type-VI,2.5625,2.75,6.625,7.125,4.5,5.6875,5.9375,5.3125,8.1875,6.3125
