Category,BrainOmni,LaBraM,BIOT,FEMBA,NeuroLM,CBraMod,NeuroGPT,REVE,EEGMamba,BENDR
Type-I,1.0,5.0,3.0,4.0,2.0,8.0,7.0,9.0,6.0,10.0
Type-II,4.066666666666666,5.769230769230769,3.375,3.923076923076923,4.363636363636363,6.769230769230769,6.230769230769231,7.0,6.916666666666667,8.846153846153847
Type-III,2.2,4.222222222222222,4.222222222222222,3.111111111111111,3.5555555555555554,7.222222222222222,5.555555555555555,5.666666666666667,6.888888888888889,9.222222222222221
Type-IV,3.7916666666666665,5.0,6.269230769230769,3.730769230769231,5.6,4.884615384615385,5.730769230769231,7.035714285714286,4.884615384615385,8.653846153846153
Type-V,8.4,8.0,7.6,8.2,7.8,6.8,9.0,8.6,7.6,9.0
Type-VI,3.1,6.555555555555555,6.25,5.2,5.666666666666667,5.15,7.4,6.444444444444445,5.888888888888889,6.9
