type,BrainOmni,NeuroLM,BIOT,LaBraM,CBraMod,FEMBA,EEGMamba,NeuroGPT,BENDR,REVE
Type-I,2.0,1.0,3.0,5.0,4.0,8.0,6.0,7.0,9.0,10.0
Type-II,3.5,1.5,3.0,4.0,5.0,6.5,6.5,8.0,8.0,7.5
Type-III,2.0,3.6666666666666665,3.0,3.6666666666666665,5.0,4.333333333333333,7.666666666666667,6.666666666666667,9.666666666666666,9.333333333333334
Type-IV,4.5,4.0,1.0,5.5,3.5,3.0,2.5,5.0,1.5,2.0
Type-V,1.5,3.0,2.5,3.5,6.0,4.5,9.0,7.0,9.5,8.5
Type-VI,1.6,2.0,8.4,7.2,5.6,4.6,5.2,7.0,5.8,6.8
