Category,BrainOmni,LaBraM,BIOT,FEMBA,NeuroLM,CBraMod,NeuroGPT,REVE,EEGMamba,BENDR
Type-I,3.0,4.0,5.75,6.75,4.75,4.0,3.5,7.0,8.25,8.0
Type-II,5.75,7.5,1.0,5.5,5.5,4.5,4.0,6.5,6.5,8.25
Type-III,8.4,2.6,2.4,2.8,3.6,6.0,5.8,7.8,6.4,9.2
Type-IV,3.4,6.2,5.6,3.8,4.9,5.4,5.0,7.6,4.8,8.3
Type-V,6.25,3.375,2.0,5.125,4.125,5.5,7.0,6.875,7.125,7.625
Type-VI,1.5714285714285714,8.0,6.285714285714286,3.857142857142857,3.7142857142857144,5.785714285714286,5.928571428571429,8.071428571428571,5.857142857142857,5.928571428571429
